timestamp_ms,heading_deg,rudder_angle_deg,awa_deg,unmanned_status
47768,225,-165,307,False
47893,225,-164,306,False
48000,225,-164,306,False
48537,225,-164,307,False
48626,225,-166,307,False
48733,225,-166,307,False
48840,225,-165,306,False
48930,225,-166,307,False
49037,225,-165,307,False
49126,225,-167,307,False
49662,225,-163,307,False
49752,225,-165,307,False
49859,225,-165,307,False
49966,225,-165,307,False
50056,225,-167,307,False
50163,225,-173,307,False
50252,225,-172,307,False
50788,225,-173,307,False
50878,225,-167,307,False
50985,225,-159,307,False
51092,225,-138,306,False
51182,225,-131,307,False
51289,225,-126,307,False
51378,225,-123,307,False
51914,225,-120,307,False
52004,225,-123,307,False
52111,225,-125,307,False
52218,225,-128,307,False
52307,225,-153,307,False
52415,225,-184,307,False
52504,225,-188,307,False
53041,225,-188,307,False
53130,225,-188,307,False
53237,225,-188,306,False
53344,225,-178,307,False
53434,225,-155,307,False
53541,225,-127,307,False
53630,225,-124,307,False
54167,225,-120,307,False
54256,225,-126,307,False
54363,225,-157,307,False
54471,225,-173,306,False
54560,225,-181,306,False
54667,225,-185,306,False
54757,225,-185,307,False
55293,225,-185,307,False
55382,225,-184,306,False
55490,225,-157,307,False
55597,225,-128,307,False
55686,225,-122,307,False
55794,225,-123,307,False
55883,225,-124,307,False
56419,225,-120,307,False
56508,225,-121,307,False
56615,225,-151,307,False
56722,225,-162,306,False
56812,225,-167,306,False
56919,225,-172,307,False
57008,225,-167,307,False
57544,225,-164,307,False
57634,225,-167,307,False
57741,225,-157,307,False
57848,225,-153,307,False
57938,225,-150,307,False
58045,225,-155,307,False
58134,225,-154,307,False
58670,225,-176,307,False
58760,225,-174,307,False
58867,225,-159,307,False
58974,225,-134,306,False
59064,225,-121,307,False
59171,225,-122,307,False
59260,225,-121,307,False
59797,225,-120,307,False
59886,225,-119,307,False
59993,225,-144,307,False
60100,225,-153,307,False
60190,225,-156,307,False
60297,225,-161,306,False
60387,225,-168,307,False
60923,225,-162,307,False
61012,225,-165,307,False
61120,225,-167,306,False
61227,225,-169,307,False
61316,225,-167,307,False
61424,225,-165,307,False
61513,225,-167,307,False
62049,225,-164,307,False
62139,225,-167,307,False
62246,225,-171,307,False
62353,225,-171,307,False
62443,225,-171,307,False
62550,225,-171,307,False
62640,225,-171,307,False
63176,225,-171,307,False
63265,225,-171,307,False
63373,225,-171,307,False
63480,225,-174,307,False
63569,225,-172,307,False
63677,225,-166,307,False
63766,225,-165,307,False
64302,225,-145,307,False
64392,225,-150,306,False
64499,225,-149,306,False
64606,225,-137,306,False
64696,225,-125,307,False
64803,225,-123,306,False
64892,225,-121,307,False
65429,225,-120,307,False
65518,225,-119,307,False
65625,225,-150,307,False
65733,225,-164,307,False
65822,225,-165,307,False
65929,225,-165,307,False
66019,225,-167,307,False
66555,225,-163,307,False
66644,225,-164,307,False
66752,225,-138,307,False
66859,225,-121,306,False
66948,225,-122,307,False
67056,225,-122,307,False
67145,225,-124,307,False
67682,225,-120,307,False
67771,225,-122,307,False
67879,225,-127,307,False
67986,225,-127,307,False
68075,225,-127,307,False
68183,225,-127,307,False
68272,225,-128,307,False
68808,225,-127,307,False
68897,225,-125,307,False
69005,225,-153,307,False
69112,225,-180,307,False
69201,225,-180,307,False
69309,225,-172,307,False
69398,225,-166,307,False
69935,225,-165,307,False
70024,225,-167,307,False
70131,225,-163,307,False
70239,225,-169,307,False
70328,225,-183,307,False
70435,225,-193,307,False
70525,225,-193,307,False
71061,225,-194,307,False
71150,225,-192,306,False
71258,225,-183,307,False
71365,225,-171,307,False
71454,225,-167,307,False
71561,225,-165,307,False
71651,225,-167,306,False
72187,225,-163,306,False
72276,225,-164,306,False
72384,225,-173,307,False
72491,225,-174,307,False
72580,225,-173,307,False
72687,225,-173,307,False
72777,225,-173,307,False
73313,225,-173,307,False
73402,225,-174,307,False
73510,225,-173,307,False
73617,225,-172,307,False
73706,225,-173,307,False
73814,225,-173,307,False
73903,225,-173,307,False
74440,225,-173,307,False
74529,225,-174,307,False
74636,225,-173,307,False
74743,225,-173,307,False
74833,225,-173,307,False
74940,225,-173,307,False
75029,225,-173,307,False
75565,225,-173,307,False
75654,225,-173,307,False
75762,225,-172,307,False
75869,225,-172,307,False
75958,225,-169,307,False
76065,225,-167,307,False
76172,225,-165,306,False
76262,225,-165,306,False
76369,225,-165,307,False
76458,225,-164,306,False
76565,225,-166,307,False
76673,225,-165,307,False
76762,225,-165,307,False
76869,225,-165,307,False
76959,225,-165,307,False
77066,225,-165,307,False
77173,225,-165,307,False
77263,225,-165,307,False
77370,225,-165,307,False
77459,225,-165,307,False
77996,225,-165,307,False
78085,225,-168,307,False
78192,225,-178,307,False
78299,225,-169,307,False
78388,225,-166,307,False
78496,225,-165,307,False
78585,225,-167,307,False
79120,225,-164,306,False
79227,225,-169,307,False
79317,225,-174,307,False
79424,225,-174,306,False
79513,225,-174,307,False
79621,225,-174,307,False
79728,225,-173,307,False
79817,225,-175,307,False
79924,225,-171,307,False
80014,225,-168,307,False
80121,225,-166,307,False
80228,225,-166,307,False
80318,225,-169,307,False
80425,225,-167,307,False
80514,225,-169,306,False
80622,225,-172,306,False
80729,225,-190,307,False
80818,225,-194,307,False
80926,225,-194,307,False
81015,225,-194,306,False
81551,225,-194,307,False
81641,225,-187,307,False
81748,225,-173,307,False
81855,225,-172,307,False
81944,225,-167,307,False
82052,225,-166,307,False
82141,225,-165,307,False
82677,225,-165,306,False
82767,225,-164,307,False
82874,225,-164,307,False
82981,225,-165,307,False
83071,225,-164,307,False
83178,225,-164,307,False
83285,225,-164,307,False
83375,225,-165,306,False
83482,225,-164,307,False
83571,225,-164,307,False
83678,225,-164,307,False
84768,225,-164,307,False
86305,225,-164,307,False
87842,225,-164,307,False
89379,225,-165,307,False
90917,225,-164,307,False
92454,225,-164,306,False
93991,225,-164,307,False
95529,225,-164,307,False
97067,225,-164,307,False
98605,225,-165,307,False
100143,225,-164,307,False
101681,225,-164,307,False
103219,225,-164,307,False
104756,225,-164,307,False
106293,225,-164,307,False
107831,225,-164,307,False
109369,225,-164,307,False
110907,225,-165,307,False
112444,225,-164,307,False
113981,225,-164,307,False
115519,225,-164,307,False
117057,225,-165,307,False
118594,225,-165,307,False
120131,225,-164,307,False
121670,225,-164,307,False
123208,225,-164,307,False
124745,225,-164,307,False
